-- phpMyAdmin SQL Dump
-- version 4.5.1
-- http://www.phpmyadmin.net
--
-- 主機: 127.0.0.1
-- 產生時間： 2017-04-29 08:52:52
-- 伺服器版本: 10.1.19-MariaDB
-- PHP 版本： 7.0.13

SET SQL_MODE = "NO_AUTO_VALUE_ON_ZERO";
SET time_zone = "+00:00";


/*!40101 SET @OLD_CHARACTER_SET_CLIENT=@@CHARACTER_SET_CLIENT */;
/*!40101 SET @OLD_CHARACTER_SET_RESULTS=@@CHARACTER_SET_RESULTS */;
/*!40101 SET @OLD_COLLATION_CONNECTION=@@COLLATION_CONNECTION */;
/*!40101 SET NAMES utf8mb4 */;

--
-- 資料庫： `triptmr`
--
CREATE DATABASE IF NOT EXISTS `triptmr` DEFAULT CHARACTER SET utf8 COLLATE utf8_unicode_ci;
USE `triptmr`;

-- --------------------------------------------------------

--
-- 資料表結構 `bookmark`
--

DROP TABLE IF EXISTS `bookmark`;
CREATE TABLE `bookmark` (
  `bid` int(11) NOT NULL,
  `uid` int(11) UNSIGNED NOT NULL,
  `pid` int(11) NOT NULL
) ENGINE=InnoDB DEFAULT CHARSET=utf8 COLLATE=utf8_unicode_ci;

--
-- 資料表的匯出資料 `bookmark`
--

INSERT INTO `bookmark` (`bid`, `uid`, `pid`) VALUES
(25, 1, 3),
(0, 16, 3),
(0, 15, 5),
(0, 16, 11),
(0, 19, 14),
(0, 21, 6),
(0, 21, 2),
(0, 21, 13),
(0, 26, 2),
(0, 20, 2);

-- --------------------------------------------------------

--
-- 資料表結構 `category`
--

DROP TABLE IF EXISTS `category`;
CREATE TABLE `category` (
  `id` int(11) NOT NULL,
  `country_code` varchar(2) NOT NULL DEFAULT '',
  `name` varchar(100) NOT NULL DEFAULT '',
  `count` int(11) NOT NULL,
  `create_at` timestamp NULL DEFAULT CURRENT_TIMESTAMP,
  `update_at` timestamp NOT NULL DEFAULT CURRENT_TIMESTAMP
) ENGINE=InnoDB DEFAULT CHARSET=utf8;

--
-- 資料表的匯出資料 `category`
--

INSERT INTO `category` (`id`, `country_code`, `name`, `count`, `create_at`, `update_at`) VALUES
(1, 'AF', 'Afghanistan', 2, '2017-04-20 19:59:23', '2017-04-20 22:44:18'),
(2, 'AL', 'Albania', 7, '2017-04-20 19:59:23', '2017-04-20 19:59:23'),
(3, 'DZ', 'Algeria', 9, '2017-04-20 19:59:23', '2017-04-20 15:11:33'),
(4, 'DS', 'American Samoa', 0, '2017-04-20 19:59:23', '2017-04-20 19:59:23'),
(5, 'AD', 'Andorra', 0, '2017-04-20 19:59:23', '2017-04-20 19:59:23'),
(6, 'AO', 'Angola', 0, '2017-04-20 19:59:23', '2017-04-20 19:59:23'),
(7, 'AI', 'Anguilla', 0, '2017-04-20 19:59:23', '2017-04-20 19:59:23'),
(8, 'AQ', 'Antarctica', 0, '2017-04-20 19:59:23', '2017-04-20 19:59:23'),
(9, 'AG', 'Antigua and Barbuda', 0, '2017-04-20 19:59:23', '2017-04-20 19:59:23'),
(10, 'AR', 'Argentina', 0, '2017-04-20 19:59:23', '2017-04-20 19:59:23'),
(11, 'AM', 'Armenia', 0, '2017-04-20 19:59:23', '2017-04-20 19:59:23'),
(12, 'AW', 'Aruba', 0, '2017-04-20 19:59:23', '2017-04-20 19:59:23'),
(13, 'AU', 'Australia', 0, '2017-04-20 19:59:23', '2017-04-20 19:59:23'),
(14, 'AT', 'Austria', 0, '2017-04-20 19:59:23', '2017-04-20 19:59:23'),
(15, 'AZ', 'Azerbaijan', 0, '2017-04-20 19:59:23', '2017-04-20 19:59:23'),
(16, 'BS', 'Bahamas', 0, '2017-04-20 19:59:23', '2017-04-20 19:59:23'),
(17, 'BH', 'Bahrain', 0, '2017-04-20 19:59:23', '2017-04-20 19:59:23'),
(18, 'BD', 'Bangladesh', 0, '2017-04-20 19:59:23', '2017-04-20 19:59:23'),
(19, 'BB', 'Barbados', 0, '2017-04-20 19:59:23', '2017-04-20 19:59:23'),
(20, 'BY', 'Belarus', 0, '2017-04-20 19:59:23', '2017-04-20 19:59:23'),
(21, 'BE', 'Belgium', 0, '2017-04-20 19:59:23', '2017-04-20 19:59:23'),
(22, 'BZ', 'Belize', 0, '2017-04-20 19:59:23', '2017-04-20 19:59:23'),
(23, 'BJ', 'Benin', 0, '2017-04-20 19:59:23', '2017-04-20 19:59:23'),
(24, 'BM', 'Bermuda', 0, '2017-04-20 19:59:23', '2017-04-20 19:59:23'),
(25, 'BT', 'Bhutan', 0, '2017-04-20 19:59:23', '2017-04-20 19:59:23'),
(26, 'BO', 'Bolivia', 0, '2017-04-20 19:59:23', '2017-04-20 19:59:23'),
(27, 'BA', 'Bosnia and Herzegovina', 0, '2017-04-20 19:59:23', '2017-04-20 19:59:23'),
(28, 'BW', 'Botswana', 0, '2017-04-20 19:59:23', '2017-04-20 19:59:23'),
(29, 'BV', 'Bouvet Island', 0, '2017-04-20 19:59:23', '2017-04-20 19:59:23'),
(30, 'BR', 'Brazil', 0, '2017-04-20 19:59:23', '2017-04-20 19:59:23'),
(31, 'IO', 'British Indian Ocean Territory', 0, '2017-04-20 19:59:23', '2017-04-20 19:59:23'),
(32, 'BN', 'Brunei Darussalam', 0, '2017-04-20 19:59:23', '2017-04-20 19:59:23'),
(33, 'BG', 'Bulgaria', 0, '2017-04-20 19:59:23', '2017-04-20 19:59:23'),
(34, 'BF', 'Burkina Faso', 0, '2017-04-20 19:59:23', '2017-04-20 19:59:23'),
(35, 'BI', 'Burundi', 0, '2017-04-20 19:59:23', '2017-04-20 19:59:23'),
(36, 'KH', 'Cambodia', 0, '2017-04-20 19:59:23', '2017-04-20 19:59:23'),
(37, 'CM', 'Cameroon', 0, '2017-04-20 19:59:23', '2017-04-20 19:59:23'),
(38, 'CA', 'Canada', 0, '2017-04-20 19:59:23', '2017-04-20 19:59:23'),
(39, 'CV', 'Cape Verde', 0, '2017-04-20 19:59:23', '2017-04-20 19:59:23'),
(40, 'KY', 'Cayman Islands', 0, '2017-04-20 19:59:23', '2017-04-20 19:59:23'),
(41, 'CF', 'Central African Republic', 0, '2017-04-20 19:59:23', '2017-04-20 19:59:23'),
(42, 'TD', 'Chad', 0, '2017-04-20 19:59:23', '2017-04-20 19:59:23'),
(43, 'CL', 'Chile', 0, '2017-04-20 19:59:23', '2017-04-20 19:59:23'),
(44, 'CN', 'China', 0, '2017-04-20 19:59:23', '2017-04-20 19:59:23'),
(45, 'CX', 'Christmas Island', 0, '2017-04-20 19:59:23', '2017-04-20 19:59:23'),
(46, 'CC', 'Cocos (Keeling) Islands', 0, '2017-04-20 19:59:23', '2017-04-20 19:59:23'),
(47, 'CO', 'Colombia', 0, '2017-04-20 19:59:23', '2017-04-20 19:59:23'),
(48, 'KM', 'Comoros', 0, '2017-04-20 19:59:23', '2017-04-20 19:59:23'),
(49, 'CG', 'Congo', 0, '2017-04-20 19:59:23', '2017-04-20 19:59:23'),
(50, 'CK', 'Cook Islands', 0, '2017-04-20 19:59:23', '2017-04-20 19:59:23'),
(51, 'CR', 'Costa Rica', 0, '2017-04-20 19:59:23', '2017-04-20 19:59:23'),
(52, 'HR', 'Croatia (Hrvatska)', 0, '2017-04-20 19:59:23', '2017-04-20 19:59:23'),
(53, 'CU', 'Cuba', 0, '2017-04-20 19:59:23', '2017-04-20 19:59:23'),
(54, 'CY', 'Cyprus', 0, '2017-04-20 19:59:23', '2017-04-20 19:59:23'),
(55, 'CZ', 'Czech Republic', 0, '2017-04-20 19:59:23', '2017-04-20 19:59:23'),
(56, 'DK', 'Denmark', 0, '2017-04-20 19:59:23', '2017-04-20 19:59:23'),
(57, 'DJ', 'Djibouti', 0, '2017-04-20 19:59:23', '2017-04-20 19:59:23'),
(58, 'DM', 'Dominica', 0, '2017-04-20 19:59:23', '2017-04-20 19:59:23'),
(59, 'DO', 'Dominican Republic', 0, '2017-04-20 19:59:23', '2017-04-20 19:59:23'),
(60, 'TP', 'East Timor', 0, '2017-04-20 19:59:23', '2017-04-20 19:59:23'),
(61, 'EC', 'Ecuador', 0, '2017-04-20 19:59:23', '2017-04-20 19:59:23'),
(62, 'EG', 'Egypt', 0, '2017-04-20 19:59:23', '2017-04-20 19:59:23'),
(63, 'SV', 'El Salvador', 0, '2017-04-20 19:59:23', '2017-04-20 19:59:23'),
(64, 'GQ', 'Equatorial Guinea', 0, '2017-04-20 19:59:23', '2017-04-20 19:59:23'),
(65, 'ER', 'Eritrea', 0, '2017-04-20 19:59:23', '2017-04-20 19:59:23'),
(66, 'EE', 'Estonia', 0, '2017-04-20 19:59:23', '2017-04-20 19:59:23'),
(67, 'ET', 'Ethiopia', 0, '2017-04-20 19:59:23', '2017-04-20 19:59:23'),
(68, 'FK', 'Falkland Islands (Malvinas)', 0, '2017-04-20 19:59:23', '2017-04-20 19:59:23'),
(69, 'FO', 'Faroe Islands', 0, '2017-04-20 19:59:23', '2017-04-20 19:59:23'),
(70, 'FJ', 'Fiji', 0, '2017-04-20 19:59:23', '2017-04-20 19:59:23'),
(71, 'FI', 'Finland', 0, '2017-04-20 19:59:23', '2017-04-20 19:59:23'),
(72, 'FR', 'France', 0, '2017-04-20 19:59:23', '2017-04-20 19:59:23'),
(73, 'FX', 'France, Metropolitan', 0, '2017-04-20 19:59:23', '2017-04-20 19:59:23'),
(74, 'GF', 'French Guiana', 0, '2017-04-20 19:59:23', '2017-04-20 19:59:23'),
(75, 'PF', 'French Polynesia', 0, '2017-04-20 19:59:23', '2017-04-20 19:59:23'),
(76, 'TF', 'French Southern Territories', 0, '2017-04-20 19:59:23', '2017-04-20 19:59:23'),
(77, 'GA', 'Gabon', 0, '2017-04-20 19:59:23', '2017-04-20 19:59:23'),
(78, 'GM', 'Gambia', 0, '2017-04-20 19:59:23', '2017-04-20 19:59:23'),
(79, 'GE', 'Georgia', 0, '2017-04-20 19:59:23', '2017-04-20 19:59:23'),
(80, 'DE', 'Germany', 0, '2017-04-20 19:59:23', '2017-04-20 19:59:23'),
(81, 'GH', 'Ghana', 0, '2017-04-20 19:59:23', '2017-04-20 19:59:23'),
(82, 'GI', 'Gibraltar', 0, '2017-04-20 19:59:23', '2017-04-20 19:59:23'),
(83, 'GK', 'Guernsey', 0, '2017-04-20 19:59:23', '2017-04-20 19:59:23'),
(84, 'GR', 'Greece', 0, '2017-04-20 19:59:23', '2017-04-20 19:59:23'),
(85, 'GL', 'Greenland', 0, '2017-04-20 19:59:23', '2017-04-20 19:59:23'),
(86, 'GD', 'Grenada', 0, '2017-04-20 19:59:23', '2017-04-20 19:59:23'),
(87, 'GP', 'Guadeloupe', 0, '2017-04-20 19:59:23', '2017-04-20 19:59:23'),
(88, 'GU', 'Guam', 0, '2017-04-20 19:59:23', '2017-04-20 19:59:23'),
(89, 'GT', 'Guatemala', 0, '2017-04-20 19:59:23', '2017-04-20 19:59:23'),
(90, 'GN', 'Guinea', 0, '2017-04-20 19:59:23', '2017-04-20 19:59:23'),
(91, 'GW', 'Guinea-Bissau', 0, '2017-04-20 19:59:23', '2017-04-20 19:59:23'),
(92, 'GY', 'Guyana', 0, '2017-04-20 19:59:23', '2017-04-20 19:59:23'),
(93, 'HT', 'Haiti', 0, '2017-04-20 19:59:23', '2017-04-20 19:59:23'),
(94, 'HM', 'Heard and Mc Donald Islands', 0, '2017-04-20 19:59:23', '2017-04-20 19:59:23'),
(95, 'HN', 'Honduras', 0, '2017-04-20 19:59:23', '2017-04-20 19:59:23'),
(96, 'HK', 'Hong Kong', 2, '2017-04-20 19:59:23', '2017-04-21 02:33:23'),
(97, 'HU', 'Hungary', 0, '2017-04-20 19:59:23', '2017-04-20 19:59:23'),
(98, 'IS', 'Iceland', 0, '2017-04-20 19:59:23', '2017-04-20 19:59:23'),
(99, 'IN', 'India', 0, '2017-04-20 19:59:23', '2017-04-20 19:59:23'),
(100, 'IM', 'Isle of Man', 0, '2017-04-20 19:59:23', '2017-04-20 19:59:23'),
(101, 'ID', 'Indonesia', 0, '2017-04-20 19:59:23', '2017-04-20 19:59:23'),
(102, 'IR', 'Iran (Islamic Republic of)', 0, '2017-04-20 19:59:23', '2017-04-20 19:59:23'),
(103, 'IQ', 'Iraq', 0, '2017-04-20 19:59:23', '2017-04-20 19:59:23'),
(104, 'IE', 'Ireland', 0, '2017-04-20 19:59:23', '2017-04-20 19:59:23'),
(105, 'IL', 'Israel', 0, '2017-04-20 19:59:23', '2017-04-20 19:59:23'),
(106, 'IT', 'Italy', 0, '2017-04-20 19:59:23', '2017-04-20 19:59:23'),
(107, 'CI', 'Ivory Coast', 0, '2017-04-20 19:59:23', '2017-04-20 19:59:23'),
(108, 'JE', 'Jersey', 0, '2017-04-20 19:59:23', '2017-04-20 19:59:23'),
(109, 'JM', 'Jamaica', 0, '2017-04-20 19:59:23', '2017-04-20 19:59:23'),
(110, 'JP', 'Japan', 0, '2017-04-20 19:59:23', '2017-04-20 19:59:23'),
(111, 'JO', 'Jordan', 0, '2017-04-20 19:59:23', '2017-04-20 19:59:23'),
(112, 'KZ', 'Kazakhstan', 0, '2017-04-20 19:59:23', '2017-04-20 19:59:23'),
(113, 'KE', 'Kenya', 0, '2017-04-20 19:59:23', '2017-04-20 19:59:23'),
(114, 'KI', 'Kiribati', 0, '2017-04-20 19:59:23', '2017-04-20 19:59:23'),
(115, 'KP', 'Korea, Democratic People''s Republic of', 0, '2017-04-20 19:59:23', '2017-04-20 19:59:23'),
(116, 'KR', 'Korea, Republic of', 0, '2017-04-20 19:59:23', '2017-04-20 19:59:23'),
(117, 'XK', 'Kosovo', 0, '2017-04-20 19:59:23', '2017-04-20 19:59:23'),
(118, 'KW', 'Kuwait', 0, '2017-04-20 19:59:23', '2017-04-20 19:59:23'),
(119, 'KG', 'Kyrgyzstan', 0, '2017-04-20 19:59:23', '2017-04-20 19:59:23'),
(120, 'LA', 'Lao People''s Democratic Republic', 0, '2017-04-20 19:59:23', '2017-04-20 19:59:23'),
(121, 'LV', 'Latvia', 0, '2017-04-20 19:59:23', '2017-04-20 19:59:23'),
(122, 'LB', 'Lebanon', 0, '2017-04-20 19:59:23', '2017-04-20 19:59:23'),
(123, 'LS', 'Lesotho', 0, '2017-04-20 19:59:23', '2017-04-20 19:59:23'),
(124, 'LR', 'Liberia', 0, '2017-04-20 19:59:23', '2017-04-20 19:59:23'),
(125, 'LY', 'Libyan Arab Jamahiriya', 0, '2017-04-20 19:59:23', '2017-04-20 19:59:23'),
(126, 'LI', 'Liechtenstein', 0, '2017-04-20 19:59:23', '2017-04-20 19:59:23'),
(127, 'LT', 'Lithuania', 0, '2017-04-20 19:59:23', '2017-04-20 19:59:23'),
(128, 'LU', 'Luxembourg', 0, '2017-04-20 19:59:23', '2017-04-20 19:59:23'),
(129, 'MO', 'Macau', 0, '2017-04-20 19:59:23', '2017-04-20 19:59:23'),
(130, 'MK', 'Macedonia', 0, '2017-04-20 19:59:23', '2017-04-20 19:59:23'),
(131, 'MG', 'Madagascar', 0, '2017-04-20 19:59:23', '2017-04-20 19:59:23'),
(132, 'MW', 'Malawi', 0, '2017-04-20 19:59:23', '2017-04-20 19:59:23'),
(133, 'MY', 'Malaysia', 0, '2017-04-20 19:59:23', '2017-04-20 19:59:23'),
(134, 'MV', 'Maldives', 0, '2017-04-20 19:59:23', '2017-04-20 19:59:23'),
(135, 'ML', 'Mali', 0, '2017-04-20 19:59:23', '2017-04-20 19:59:23'),
(136, 'MT', 'Malta', 0, '2017-04-20 19:59:23', '2017-04-20 19:59:23'),
(137, 'MH', 'Marshall Islands', 0, '2017-04-20 19:59:23', '2017-04-20 19:59:23'),
(138, 'MQ', 'Martinique', 0, '2017-04-20 19:59:23', '2017-04-20 19:59:23'),
(139, 'MR', 'Mauritania', 0, '2017-04-20 19:59:23', '2017-04-20 19:59:23'),
(140, 'MU', 'Mauritius', 0, '2017-04-20 19:59:23', '2017-04-20 19:59:23'),
(141, 'TY', 'Mayotte', 0, '2017-04-20 19:59:23', '2017-04-20 19:59:23'),
(142, 'MX', 'Mexico', 0, '2017-04-20 19:59:23', '2017-04-20 19:59:23'),
(143, 'FM', 'Micronesia, Federated States of', 0, '2017-04-20 19:59:23', '2017-04-20 19:59:23'),
(144, 'MD', 'Moldova, Republic of', 0, '2017-04-20 19:59:23', '2017-04-20 19:59:23'),
(145, 'MC', 'Monaco', 0, '2017-04-20 19:59:23', '2017-04-20 19:59:23'),
(146, 'MN', 'Mongolia', 0, '2017-04-20 19:59:23', '2017-04-20 19:59:23'),
(147, 'ME', 'Montenegro', 0, '2017-04-20 19:59:23', '2017-04-20 19:59:23'),
(148, 'MS', 'Montserrat', 0, '2017-04-20 19:59:23', '2017-04-20 19:59:23'),
(149, 'MA', 'Morocco', 0, '2017-04-20 19:59:23', '2017-04-20 19:59:23'),
(150, 'MZ', 'Mozambique', 0, '2017-04-20 19:59:23', '2017-04-20 19:59:23'),
(151, 'MM', 'Myanmar', 0, '2017-04-20 19:59:23', '2017-04-20 19:59:23'),
(152, 'NA', 'Namibia', 0, '2017-04-20 19:59:23', '2017-04-20 19:59:23'),
(153, 'NR', 'Nauru', 0, '2017-04-20 19:59:23', '2017-04-20 19:59:23'),
(154, 'NP', 'Nepal', 0, '2017-04-20 19:59:23', '2017-04-20 19:59:23'),
(155, 'NL', 'Netherlands', 0, '2017-04-20 19:59:23', '2017-04-20 19:59:23'),
(156, 'AN', 'Netherlands Antilles', 0, '2017-04-20 19:59:23', '2017-04-20 19:59:23'),
(157, 'NC', 'New Caledonia', 0, '2017-04-20 19:59:23', '2017-04-20 19:59:23'),
(158, 'NZ', 'New Zealand', 0, '2017-04-20 19:59:23', '2017-04-20 19:59:23'),
(159, 'NI', 'Nicaragua', 0, '2017-04-20 19:59:23', '2017-04-20 19:59:23'),
(160, 'NE', 'Niger', 0, '2017-04-20 19:59:23', '2017-04-20 19:59:23'),
(161, 'NG', 'Nigeria', 0, '2017-04-20 19:59:23', '2017-04-20 19:59:23'),
(162, 'NU', 'Niue', 0, '2017-04-20 19:59:23', '2017-04-20 19:59:23'),
(163, 'NF', 'Norfolk Island', 0, '2017-04-20 19:59:23', '2017-04-20 19:59:23'),
(164, 'MP', 'Northern Mariana Islands', 0, '2017-04-20 19:59:23', '2017-04-20 19:59:23'),
(165, 'NO', 'Norway', 0, '2017-04-20 19:59:23', '2017-04-20 19:59:23'),
(166, 'OM', 'Oman', 0, '2017-04-20 19:59:23', '2017-04-20 19:59:23'),
(167, 'PK', 'Pakistan', 0, '2017-04-20 19:59:23', '2017-04-20 19:59:23'),
(168, 'PW', 'Palau', 0, '2017-04-20 19:59:23', '2017-04-20 19:59:23'),
(169, 'PS', 'Palestine', 0, '2017-04-20 19:59:23', '2017-04-20 19:59:23'),
(170, 'PA', 'Panama', 0, '2017-04-20 19:59:23', '2017-04-20 19:59:23'),
(171, 'PG', 'Papua New Guinea', 0, '2017-04-20 19:59:23', '2017-04-20 19:59:23'),
(172, 'PY', 'Paraguay', 0, '2017-04-20 19:59:23', '2017-04-20 19:59:23'),
(173, 'PE', 'Peru', 0, '2017-04-20 19:59:23', '2017-04-20 19:59:23'),
(174, 'PH', 'Philippines', 0, '2017-04-20 19:59:23', '2017-04-20 19:59:23'),
(175, 'PN', 'Pitcairn', 0, '2017-04-20 19:59:23', '2017-04-20 19:59:23'),
(176, 'PL', 'Poland', 0, '2017-04-20 19:59:23', '2017-04-20 19:59:23'),
(177, 'PT', 'Portugal', 0, '2017-04-20 19:59:23', '2017-04-20 19:59:23'),
(178, 'PR', 'Puerto Rico', 0, '2017-04-20 19:59:23', '2017-04-20 19:59:23'),
(179, 'QA', 'Qatar', 0, '2017-04-20 19:59:23', '2017-04-20 19:59:23'),
(180, 'RE', 'Reunion', 0, '2017-04-20 19:59:23', '2017-04-20 19:59:23'),
(181, 'RO', 'Romania', 0, '2017-04-20 19:59:23', '2017-04-20 19:59:23'),
(182, 'RU', 'Russian Federation', 0, '2017-04-20 19:59:23', '2017-04-20 19:59:23'),
(183, 'RW', 'Rwanda', 0, '2017-04-20 19:59:23', '2017-04-20 19:59:23'),
(184, 'KN', 'Saint Kitts and Nevis', 0, '2017-04-20 19:59:23', '2017-04-20 19:59:23'),
(185, 'LC', 'Saint Lucia', 0, '2017-04-20 19:59:23', '2017-04-20 19:59:23'),
(186, 'VC', 'Saint Vincent and the Grenadines', 0, '2017-04-20 19:59:23', '2017-04-20 19:59:23'),
(187, 'WS', 'Samoa', 0, '2017-04-20 19:59:23', '2017-04-20 19:59:23'),
(188, 'SM', 'San Marino', 0, '2017-04-20 19:59:23', '2017-04-20 19:59:23'),
(189, 'ST', 'Sao Tome and Principe', 0, '2017-04-20 19:59:23', '2017-04-20 19:59:23'),
(190, 'SA', 'Saudi Arabia', 0, '2017-04-20 19:59:23', '2017-04-20 19:59:23'),
(191, 'SN', 'Senegal', 0, '2017-04-20 19:59:23', '2017-04-20 19:59:23'),
(192, 'RS', 'Serbia', 0, '2017-04-20 19:59:23', '2017-04-20 19:59:23'),
(193, 'SC', 'Seychelles', 0, '2017-04-20 19:59:23', '2017-04-20 19:59:23'),
(194, 'SL', 'Sierra Leone', 0, '2017-04-20 19:59:23', '2017-04-20 19:59:23'),
(195, 'SG', 'Singapore', 0, '2017-04-20 19:59:23', '2017-04-20 19:59:23'),
(196, 'SK', 'Slovakia', 0, '2017-04-20 19:59:23', '2017-04-20 19:59:23'),
(197, 'SI', 'Slovenia', 0, '2017-04-20 19:59:23', '2017-04-20 19:59:23'),
(198, 'SB', 'Solomon Islands', 0, '2017-04-20 19:59:23', '2017-04-20 19:59:23'),
(199, 'SO', 'Somalia', 0, '2017-04-20 19:59:23', '2017-04-20 19:59:23'),
(200, 'ZA', 'South Africa', 0, '2017-04-20 19:59:23', '2017-04-20 19:59:23'),
(201, 'GS', 'South Georgia South Sandwich Islands', 0, '2017-04-20 19:59:23', '2017-04-20 19:59:23'),
(202, 'ES', 'Spain', 0, '2017-04-20 19:59:23', '2017-04-20 19:59:23'),
(203, 'LK', 'Sri Lanka', 0, '2017-04-20 19:59:23', '2017-04-20 19:59:23'),
(204, 'SH', 'St. Helena', 0, '2017-04-20 19:59:23', '2017-04-20 19:59:23'),
(205, 'PM', 'St. Pierre and Miquelon', 0, '2017-04-20 19:59:23', '2017-04-20 19:59:23'),
(206, 'SD', 'Sudan', 0, '2017-04-20 19:59:23', '2017-04-20 19:59:23'),
(207, 'SR', 'Suriname', 0, '2017-04-20 19:59:23', '2017-04-20 19:59:23'),
(208, 'SJ', 'Svalbard and Jan Mayen Islands', 0, '2017-04-20 19:59:23', '2017-04-20 19:59:23'),
(209, 'SZ', 'Swaziland', 0, '2017-04-20 19:59:23', '2017-04-20 19:59:23'),
(210, 'SE', 'Sweden', 0, '2017-04-20 19:59:23', '2017-04-20 19:59:23'),
(211, 'CH', 'Switzerland', 0, '2017-04-20 19:59:23', '2017-04-20 19:59:23'),
(212, 'SY', 'Syrian Arab Republic', 0, '2017-04-20 19:59:23', '2017-04-20 19:59:23'),
(213, 'TW', 'Taiwan', 0, '2017-04-20 19:59:23', '2017-04-20 19:59:23'),
(214, 'TJ', 'Tajikistan', 0, '2017-04-20 19:59:23', '2017-04-20 19:59:23'),
(215, 'TZ', 'Tanzania, United Republic of', 0, '2017-04-20 19:59:23', '2017-04-20 19:59:23'),
(216, 'TH', 'Thailand', 0, '2017-04-20 19:59:23', '2017-04-20 19:59:23'),
(217, 'TG', 'Togo', 0, '2017-04-20 19:59:23', '2017-04-20 19:59:23'),
(218, 'TK', 'Tokelau', 0, '2017-04-20 19:59:23', '2017-04-20 19:59:23'),
(219, 'TO', 'Tonga', 0, '2017-04-20 19:59:23', '2017-04-20 19:59:23'),
(220, 'TT', 'Trinidad and Tobago', 0, '2017-04-20 19:59:23', '2017-04-20 19:59:23'),
(221, 'TN', 'Tunisia', 0, '2017-04-20 19:59:23', '2017-04-20 19:59:23'),
(222, 'TR', 'Turkey', 0, '2017-04-20 19:59:23', '2017-04-20 19:59:23'),
(223, 'TM', 'Turkmenistan', 0, '2017-04-20 19:59:23', '2017-04-20 19:59:23'),
(224, 'TC', 'Turks and Caicos Islands', 0, '2017-04-20 19:59:23', '2017-04-20 19:59:23'),
(225, 'TV', 'Tuvalu', 0, '2017-04-20 19:59:23', '2017-04-20 19:59:23'),
(226, 'UG', 'Uganda', 0, '2017-04-20 19:59:23', '2017-04-20 19:59:23'),
(227, 'UA', 'Ukraine', 0, '2017-04-20 19:59:23', '2017-04-20 19:59:23'),
(228, 'AE', 'United Arab Emirates', 0, '2017-04-20 19:59:23', '2017-04-20 19:59:23'),
(229, 'GB', 'United Kingdom', 0, '2017-04-20 19:59:23', '2017-04-20 19:59:23'),
(230, 'US', 'United States', 0, '2017-04-20 19:59:23', '2017-04-20 19:59:23'),
(231, 'UM', 'United States minor outlying islands', 0, '2017-04-20 19:59:23', '2017-04-20 19:59:23'),
(232, 'UY', 'Uruguay', 0, '2017-04-20 19:59:23', '2017-04-20 19:59:23'),
(233, 'UZ', 'Uzbekistan', 0, '2017-04-20 19:59:23', '2017-04-20 19:59:23'),
(234, 'VU', 'Vanuatu', 0, '2017-04-20 19:59:23', '2017-04-20 19:59:23'),
(235, 'VA', 'Vatican City State', 0, '2017-04-20 19:59:23', '2017-04-20 19:59:23'),
(236, 'VE', 'Venezuela', 0, '2017-04-20 19:59:23', '2017-04-20 19:59:23'),
(237, 'VN', 'Vietnam', 0, '2017-04-20 19:59:23', '2017-04-20 19:59:23'),
(238, 'VG', 'Virgin Islands (British)', 0, '2017-04-20 19:59:23', '2017-04-20 19:59:23'),
(239, 'VI', 'Virgin Islands (U.S.)', 0, '2017-04-20 19:59:23', '2017-04-20 19:59:23'),
(240, 'WF', 'Wallis and Futuna Islands', 0, '2017-04-20 19:59:23', '2017-04-20 19:59:23'),
(241, 'EH', 'Western Sahara', 0, '2017-04-20 19:59:23', '2017-04-20 19:59:23'),
(242, 'YE', 'Yemen', 0, '2017-04-20 19:59:23', '2017-04-20 19:59:23'),
(243, 'ZR', 'Zaire', 0, '2017-04-20 19:59:23', '2017-04-20 19:59:23'),
(244, 'ZM', 'Zambia', 0, '2017-04-20 19:59:23', '2017-04-20 19:59:23'),
(245, 'ZW', 'Zimbabwe', 0, '2017-04-20 19:59:23', '2017-04-20 19:59:23');

-- --------------------------------------------------------

--
-- 資料表結構 `ci_sessions`
--

DROP TABLE IF EXISTS `ci_sessions`;
CREATE TABLE `ci_sessions` (
  `id` varchar(40) NOT NULL,
  `ip_address` varchar(45) NOT NULL,
  `timestamp` int(10) UNSIGNED NOT NULL DEFAULT '0',
  `data` blob NOT NULL
) ENGINE=InnoDB DEFAULT CHARSET=utf8;

--
-- 資料表的匯出資料 `ci_sessions`
--

INSERT INTO `ci_sessions` (`id`, `ip_address`, `timestamp`, `data`) VALUES
('0e1b7ad5f9a8b0e2cf3c83cb5848131a86497278', '127.0.0.1', 1454659969, 0x5f5f63695f6c6173745f726567656e65726174657c693a313435343635393734323b757365727c4f3a383a22737464436c617373223a373a7b733a323a226964223b733a313a2231223b733a343a226e616d65223b733a31303a2268656c6c6f776f726c64223b733a353a22656d61696c223b733a32333a2268656c6c6f776f726c64406c75636b79626972642e6d65223b733a383a2270617373776f7264223b733a33323a226663356530333864333861353730333230383534343165376665373031306230223b733a393a227570646174655f6174223b733a31393a22323031362d30322d30352030393a30393a3237223b733a393a226372656174655f6174223b733a31393a22323031362d30322d30352030383a33323a3230223b733a363a22617661746172223b733a35343a222f7075626c69632f75706c6f61642f696d6167652f323031362f30322f68656c6c6f776f726c645f313435343635393734352e706e67223b7d),
('0e237c0d52e113f2bd062de16914a32add6eb4f3', '127.0.0.1', 1454655765, 0x5f5f63695f6c6173745f726567656e65726174657c693a313435343635353639353b),
('110233b8dc16931a45d68ed38e843ad2b578f021', '127.0.0.1', 1454655040, 0x5f5f63695f6c6173745f726567656e65726174657c693a313435343635343832393b),
('145a6523e9d4f5b7c425dd07373fc3f71f8cce04', '127.0.0.1', 1454656694, 0x5f5f63695f6c6173745f726567656e65726174657c693a313435343635363639323b),
('17339bba86f0bbce1c79c62df3d5cdf65a61df23', '::1', 1489716502, ''),
('1f438b47ebdff0c5fee152cbb1b7fbcba3bd4de6', '::1', 1489715921, 0x5f5f63695f6c6173745f726567656e65726174657c693a313438393731353931333b),
('2009d9ee0a310ac8cafb38563a4bb6b45d8cbd44', '127.0.0.1', 1454655277, 0x5f5f63695f6c6173745f726567656e65726174657c693a313435343635353134323b),
('32700929eac07c8cff6905b5a0968fc816aea36d', '::1', 1489716505, 0x5f5f63695f6c6173745f726567656e65726174657c693a313438393731363530343b),
('414ebbb9aa46d8699724c1fd8a5b34f0e3f5539e', '::1', 1489716173, 0x5f5f63695f6c6173745f726567656e65726174657c693a313438393731363137323b),
('59589eef0b8e7c4f1476660041f21d33eb54d3c3', '::1', 1489719464, 0x5f5f63695f6c6173745f726567656e65726174657c693a313438393731393436343b),
('6056154349ddef4c35db78e1142373fc9d5e733b', '::1', 1489720425, 0x5f5f63695f6c6173745f726567656e65726174657c693a313438393732303432353b),
('60983582af08ba5cc9bea6b35a2144cd7bc4f176', '127.0.0.1', 1454646657, 0x5f5f63695f6c6173745f726567656e65726174657c693a313435343634363635373b),
('62b7c1a0914adc823c0a33ccc7e7e64c38685971', '127.0.0.1', 1454646818, 0x5f5f63695f6c6173745f726567656e65726174657c693a313435343634363831383b),
('69022a8dafab01918668d288d48562c1913ba10a', '::1', 1489720414, 0x5f5f63695f6c6173745f726567656e65726174657c693a313438393732303336383b),
('72d01e1231c1f76fa0fa75afea9bcf1a404f29d8', '127.0.0.1', 1454652843, 0x5f5f63695f6c6173745f726567656e65726174657c693a313435343635323832373b),
('7616e599ce1183f112a6eb2c048315435564b1f4', '::1', 1489713676, 0x5f5f63695f6c6173745f726567656e65726174657c693a313438393731333637353b),
('7a578ce85aae3c94db9743d7ae7947916bbc0a58', '::1', 1489715932, 0x5f5f63695f6c6173745f726567656e65726174657c693a313438393731353933323b),
('7f3b280425d843e5547262ab164893959242c993', '127.0.0.1', 1454646617, 0x5f5f63695f6c6173745f726567656e65726174657c693a313435343634363631373b),
('92e0517b36abd8223308f25872f9a80af082935a', '127.0.0.1', 1454646816, 0x5f5f63695f6c6173745f726567656e65726174657c693a313435343634363831363b),
('949eb00a40b0d1bab541005d7ce635b07ddd2de7', '::1', 1489715857, 0x5f5f63695f6c6173745f726567656e65726174657c693a313438393731353835373b),
('9883f777f2cec1987bcfc8cb011fdeb8b353cc9e', '::1', 1489719844, 0x5f5f63695f6c6173745f726567656e65726174657c693a313438393731393834343b),
('9c0cee1c896bfb37937ac99408fe48a91f8403a8', '127.0.0.1', 1454646699, 0x5f5f63695f6c6173745f726567656e65726174657c693a313435343634363639393b),
('9f61caceef2321563eaff5cca54b5eeec9a153a2', '127.0.0.1', 1454657581, 0x5f5f63695f6c6173745f726567656e65726174657c693a313435343635373332313b757365727c4f3a383a22737464436c617373223a373a7b733a323a226964223b733a313a2231223b733a343a226e616d65223b733a31303a2268656c6c6f776f726c64223b733a353a22656d61696c223b733a32333a2268656c6c6f776f726c64406c75636b79626972642e6d65223b733a383a2270617373776f7264223b733a33323a226663356530333864333861353730333230383534343165376665373031306230223b733a393a227570646174655f6174223b733a31393a22323031362d30322d30352030383a33323a3230223b733a393a226372656174655f6174223b733a31393a22323031362d30322d30352030383a33323a3230223b733a363a22617661746172223b733a33363a227075626c69632f7374617469632f696d672f64656661756c742d6176617461722e706e67223b7d),
('b8f18bb1d15696a5b4a9de670672fca956d63146', '127.0.0.1', 1454659255, 0x5f5f63695f6c6173745f726567656e65726174657c693a313435343635393235313b757365727c4f3a383a22737464436c617373223a373a7b733a323a226964223b733a313a2231223b733a343a226e616d65223b733a31303a2268656c6c6f776f726c64223b733a353a22656d61696c223b733a32333a2268656c6c6f776f726c64406c75636b79626972642e6d65223b733a383a2270617373776f7264223b733a33323a226663356530333864333861353730333230383534343165376665373031306230223b733a393a227570646174655f6174223b733a31393a22323031362d30322d30352030383a33323a3230223b733a393a226372656174655f6174223b733a31393a22323031362d30322d30352030383a33323a3230223b733a363a22617661746172223b733a33363a227075626c69632f7374617469632f696d672f64656661756c742d6176617461722e706e67223b7d),
('ba204f2ea1ceadfbd1cf6a50152d2a09205ec79b', '::1', 1489713657, 0x5f5f63695f6c6173745f726567656e65726174657c693a313438393731333633333b),
('bbf21f18dc4bccda4b1e1c7a3c5e1ebc9a813e1c', '127.0.0.1', 1454646798, 0x5f5f63695f6c6173745f726567656e65726174657c693a313435343634363739383b),
('c2b6cc42f00c8b6eebeb21fcfc687dfc78b575e8', '127.0.0.1', 1454658499, 0x5f5f63695f6c6173745f726567656e65726174657c693a313435343635383337303b757365727c4f3a383a22737464436c617373223a373a7b733a323a226964223b733a313a2231223b733a343a226e616d65223b733a31303a2268656c6c6f776f726c64223b733a353a22656d61696c223b733a32333a2268656c6c6f776f726c64406c75636b79626972642e6d65223b733a383a2270617373776f7264223b733a33323a226663356530333864333861353730333230383534343165376665373031306230223b733a393a227570646174655f6174223b733a31393a22323031362d30322d30352030383a33323a3230223b733a393a226372656174655f6174223b733a31393a22323031362d30322d30352030383a33323a3230223b733a363a22617661746172223b733a33363a227075626c69632f7374617469632f696d672f64656661756c742d6176617461722e706e67223b7d),
('c4936a56172c0985981e3be98e24d9f3f9aec9d9', '::1', 1489716374, 0x5f5f63695f6c6173745f726567656e65726174657c693a313438393731363337343b),
('c78fbd3c1d252d15d6fd1b62f129bc0d18559579', '::1', 1489715883, 0x5f5f63695f6c6173745f726567656e65726174657c693a313438393731353838323b),
('db90b5f21bd89466b4ed6ed015a356bc98bfb521', '127.0.0.1', 1454646843, 0x5f5f63695f6c6173745f726567656e65726174657c693a313435343634363834333b),
('ddfd78e7bd973effcfd6e48a441e753805bdfcad', '::1', 1489719873, 0x5f5f63695f6c6173745f726567656e65726174657c693a313438393731393834383b),
('e80b45709b3acec26e57a40c3b4cb8bbbffc3e84', '::1', 1489715930, 0x5f5f63695f6c6173745f726567656e65726174657c693a313438393731353932393b),
('e84775adfeb7027e9cf51ea8dd2bf502d96bb149', '127.0.0.1', 1454646657, 0x5f5f63695f6c6173745f726567656e65726174657c693a313435343634363635373b),
('e9c93837266bcb7adb101faa7265965d4a8a2577', '127.0.0.1', 1454646617, 0x5f5f63695f6c6173745f726567656e65726174657c693a313435343634363631373b),
('ec02bc5eac590e35901de96a0b8af05aa3adbc6c', '::1', 1489720646, 0x5f5f63695f6c6173745f726567656e65726174657c693a313438393732303634363b),
('f2bd89ba5bc66791a5e520dd975fd264724a02a6', '127.0.0.1', 1454646818, 0x5f5f63695f6c6173745f726567656e65726174657c693a313435343634363831383b),
('f75a546e24004db6ff6ded838f7a9544c8e1c545', '::1', 1489718433, 0x5f5f63695f6c6173745f726567656e65726174657c693a313438393731383433323b),
('f7ec078bfe6c8db6ca4e5c1f2dc9efe29ea0a5e5', '127.0.0.1', 1454646816, 0x5f5f63695f6c6173745f726567656e65726174657c693a313435343634363831363b),
('fb7d97aa37245ffe7ad7c95115cc8836dcf28012', '127.0.0.1', 1454657808, 0x5f5f63695f6c6173745f726567656e65726174657c693a313435343635373639353b757365727c4f3a383a22737464436c617373223a373a7b733a323a226964223b733a313a2231223b733a343a226e616d65223b733a31303a2268656c6c6f776f726c64223b733a353a22656d61696c223b733a32333a2268656c6c6f776f726c64406c75636b79626972642e6d65223b733a383a2270617373776f7264223b733a33323a226663356530333864333861353730333230383534343165376665373031306230223b733a393a227570646174655f6174223b733a31393a22323031362d30322d30352030383a33323a3230223b733a393a226372656174655f6174223b733a31393a22323031362d30322d30352030383a33323a3230223b733a363a22617661746172223b733a33363a227075626c69632f7374617469632f696d672f64656661756c742d6176617461722e706e67223b7d),
('ff22b7ab38df067c5cfa3344b0c981ac2effbef6', '::1', 1489715959, 0x5f5f63695f6c6173745f726567656e65726174657c693a313438393731353935383b);

-- --------------------------------------------------------

--
-- 資料表結構 `comment`
--

DROP TABLE IF EXISTS `comment`;
CREATE TABLE `comment` (
  `id` int(10) UNSIGNED NOT NULL,
  `post_id` int(10) UNSIGNED NOT NULL,
  `user_id` int(10) UNSIGNED NOT NULL,
  `content` text NOT NULL,
  `create_at` timestamp NOT NULL DEFAULT CURRENT_TIMESTAMP,
  `update_at` timestamp NOT NULL DEFAULT CURRENT_TIMESTAMP
) ENGINE=InnoDB DEFAULT CHARSET=utf8;

--
-- 資料表的匯出資料 `comment`
--

INSERT INTO `comment` (`id`, `post_id`, `user_id`, `content`, `create_at`, `update_at`) VALUES
(0, 3, 16, '123123', '2017-04-20 18:37:38', '2017-04-20 18:37:38'),
(0, 14, 19, 'OMG! ITS SO COLD!', '2017-04-20 19:56:18', '2017-04-20 19:56:18'),
(0, 14, 21, 'So Cool!', '2017-04-21 03:32:44', '2017-04-21 03:32:44'),
(0, 2, 21, 'hello be friend ok?', '2017-04-21 06:55:31', '2017-04-21 06:55:31'),
(0, 2, 21, 'give me phone number', '2017-04-21 06:56:01', '2017-04-21 06:56:01'),
(0, 2, 26, 'I like this trip plan', '2017-04-21 08:39:37', '2017-04-21 08:39:37');

-- --------------------------------------------------------

--
-- 資料表結構 `countries`
--

DROP TABLE IF EXISTS `countries`;
CREATE TABLE `countries` (
  `id` int(11) NOT NULL,
  `country_code` varchar(2) NOT NULL DEFAULT '',
  `country_name` varchar(100) NOT NULL DEFAULT ''
) ENGINE=InnoDB DEFAULT CHARSET=utf8;

--
-- 資料表的匯出資料 `countries`
--

INSERT INTO `countries` (`id`, `country_code`, `country_name`) VALUES
(1, 'AF', 'Afghanistan'),
(2, 'AL', 'Albania'),
(3, 'DZ', 'Algeria'),
(4, 'DS', 'American Samoa'),
(5, 'AD', 'Andorra'),
(6, 'AO', 'Angola'),
(7, 'AI', 'Anguilla'),
(8, 'AQ', 'Antarctica'),
(9, 'AG', 'Antigua and Barbuda'),
(10, 'AR', 'Argentina'),
(11, 'AM', 'Armenia'),
(12, 'AW', 'Aruba'),
(13, 'AU', 'Australia'),
(14, 'AT', 'Austria'),
(15, 'AZ', 'Azerbaijan'),
(16, 'BS', 'Bahamas'),
(17, 'BH', 'Bahrain'),
(18, 'BD', 'Bangladesh'),
(19, 'BB', 'Barbados'),
(20, 'BY', 'Belarus'),
(21, 'BE', 'Belgium'),
(22, 'BZ', 'Belize'),
(23, 'BJ', 'Benin'),
(24, 'BM', 'Bermuda'),
(25, 'BT', 'Bhutan'),
(26, 'BO', 'Bolivia'),
(27, 'BA', 'Bosnia and Herzegovina'),
(28, 'BW', 'Botswana'),
(29, 'BV', 'Bouvet Island'),
(30, 'BR', 'Brazil'),
(31, 'IO', 'British Indian Ocean Territory'),
(32, 'BN', 'Brunei Darussalam'),
(33, 'BG', 'Bulgaria'),
(34, 'BF', 'Burkina Faso'),
(35, 'BI', 'Burundi'),
(36, 'KH', 'Cambodia'),
(37, 'CM', 'Cameroon'),
(38, 'CA', 'Canada'),
(39, 'CV', 'Cape Verde'),
(40, 'KY', 'Cayman Islands'),
(41, 'CF', 'Central African Republic'),
(42, 'TD', 'Chad'),
(43, 'CL', 'Chile'),
(44, 'CN', 'China'),
(45, 'CX', 'Christmas Island'),
(46, 'CC', 'Cocos (Keeling) Islands'),
(47, 'CO', 'Colombia'),
(48, 'KM', 'Comoros'),
(49, 'CG', 'Congo'),
(50, 'CK', 'Cook Islands'),
(51, 'CR', 'Costa Rica'),
(52, 'HR', 'Croatia (Hrvatska)'),
(53, 'CU', 'Cuba'),
(54, 'CY', 'Cyprus'),
(55, 'CZ', 'Czech Republic'),
(56, 'DK', 'Denmark'),
(57, 'DJ', 'Djibouti'),
(58, 'DM', 'Dominica'),
(59, 'DO', 'Dominican Republic'),
(60, 'TP', 'East Timor'),
(61, 'EC', 'Ecuador'),
(62, 'EG', 'Egypt'),
(63, 'SV', 'El Salvador'),
(64, 'GQ', 'Equatorial Guinea'),
(65, 'ER', 'Eritrea'),
(66, 'EE', 'Estonia'),
(67, 'ET', 'Ethiopia'),
(68, 'FK', 'Falkland Islands (Malvinas)'),
(69, 'FO', 'Faroe Islands'),
(70, 'FJ', 'Fiji'),
(71, 'FI', 'Finland'),
(72, 'FR', 'France'),
(73, 'FX', 'France, Metropolitan'),
(74, 'GF', 'French Guiana'),
(75, 'PF', 'French Polynesia'),
(76, 'TF', 'French Southern Territories'),
(77, 'GA', 'Gabon'),
(78, 'GM', 'Gambia'),
(79, 'GE', 'Georgia'),
(80, 'DE', 'Germany'),
(81, 'GH', 'Ghana'),
(82, 'GI', 'Gibraltar'),
(83, 'GK', 'Guernsey'),
(84, 'GR', 'Greece'),
(85, 'GL', 'Greenland'),
(86, 'GD', 'Grenada'),
(87, 'GP', 'Guadeloupe'),
(88, 'GU', 'Guam'),
(89, 'GT', 'Guatemala'),
(90, 'GN', 'Guinea'),
(91, 'GW', 'Guinea-Bissau'),
(92, 'GY', 'Guyana'),
(93, 'HT', 'Haiti'),
(94, 'HM', 'Heard and Mc Donald Islands'),
(95, 'HN', 'Honduras'),
(96, 'HK', 'Hong Kong'),
(97, 'HU', 'Hungary'),
(98, 'IS', 'Iceland'),
(99, 'IN', 'India'),
(100, 'IM', 'Isle of Man'),
(101, 'ID', 'Indonesia'),
(102, 'IR', 'Iran (Islamic Republic of)'),
(103, 'IQ', 'Iraq'),
(104, 'IE', 'Ireland'),
(105, 'IL', 'Israel'),
(106, 'IT', 'Italy'),
(107, 'CI', 'Ivory Coast'),
(108, 'JE', 'Jersey'),
(109, 'JM', 'Jamaica'),
(110, 'JP', 'Japan'),
(111, 'JO', 'Jordan'),
(112, 'KZ', 'Kazakhstan'),
(113, 'KE', 'Kenya'),
(114, 'KI', 'Kiribati'),
(115, 'KP', 'Korea, Democratic People''s Republic of'),
(116, 'KR', 'Korea, Republic of'),
(117, 'XK', 'Kosovo'),
(118, 'KW', 'Kuwait'),
(119, 'KG', 'Kyrgyzstan'),
(120, 'LA', 'Lao People''s Democratic Republic'),
(121, 'LV', 'Latvia'),
(122, 'LB', 'Lebanon'),
(123, 'LS', 'Lesotho'),
(124, 'LR', 'Liberia'),
(125, 'LY', 'Libyan Arab Jamahiriya'),
(126, 'LI', 'Liechtenstein'),
(127, 'LT', 'Lithuania'),
(128, 'LU', 'Luxembourg'),
(129, 'MO', 'Macau'),
(130, 'MK', 'Macedonia'),
(131, 'MG', 'Madagascar'),
(132, 'MW', 'Malawi'),
(133, 'MY', 'Malaysia'),
(134, 'MV', 'Maldives'),
(135, 'ML', 'Mali'),
(136, 'MT', 'Malta'),
(137, 'MH', 'Marshall Islands'),
(138, 'MQ', 'Martinique'),
(139, 'MR', 'Mauritania'),
(140, 'MU', 'Mauritius'),
(141, 'TY', 'Mayotte'),
(142, 'MX', 'Mexico'),
(143, 'FM', 'Micronesia, Federated States of'),
(144, 'MD', 'Moldova, Republic of'),
(145, 'MC', 'Monaco'),
(146, 'MN', 'Mongolia'),
(147, 'ME', 'Montenegro'),
(148, 'MS', 'Montserrat'),
(149, 'MA', 'Morocco'),
(150, 'MZ', 'Mozambique'),
(151, 'MM', 'Myanmar'),
(152, 'NA', 'Namibia'),
(153, 'NR', 'Nauru'),
(154, 'NP', 'Nepal'),
(155, 'NL', 'Netherlands'),
(156, 'AN', 'Netherlands Antilles'),
(157, 'NC', 'New Caledonia'),
(158, 'NZ', 'New Zealand'),
(159, 'NI', 'Nicaragua'),
(160, 'NE', 'Niger'),
(161, 'NG', 'Nigeria'),
(162, 'NU', 'Niue'),
(163, 'NF', 'Norfolk Island'),
(164, 'MP', 'Northern Mariana Islands'),
(165, 'NO', 'Norway'),
(166, 'OM', 'Oman'),
(167, 'PK', 'Pakistan'),
(168, 'PW', 'Palau'),
(169, 'PS', 'Palestine'),
(170, 'PA', 'Panama'),
(171, 'PG', 'Papua New Guinea'),
(172, 'PY', 'Paraguay'),
(173, 'PE', 'Peru'),
(174, 'PH', 'Philippines'),
(175, 'PN', 'Pitcairn'),
(176, 'PL', 'Poland'),
(177, 'PT', 'Portugal'),
(178, 'PR', 'Puerto Rico'),
(179, 'QA', 'Qatar'),
(180, 'RE', 'Reunion'),
(181, 'RO', 'Romania'),
(182, 'RU', 'Russian Federation'),
(183, 'RW', 'Rwanda'),
(184, 'KN', 'Saint Kitts and Nevis'),
(185, 'LC', 'Saint Lucia'),
(186, 'VC', 'Saint Vincent and the Grenadines'),
(187, 'WS', 'Samoa'),
(188, 'SM', 'San Marino'),
(189, 'ST', 'Sao Tome and Principe'),
(190, 'SA', 'Saudi Arabia'),
(191, 'SN', 'Senegal'),
(192, 'RS', 'Serbia'),
(193, 'SC', 'Seychelles'),
(194, 'SL', 'Sierra Leone'),
(195, 'SG', 'Singapore'),
(196, 'SK', 'Slovakia'),
(197, 'SI', 'Slovenia'),
(198, 'SB', 'Solomon Islands'),
(199, 'SO', 'Somalia'),
(200, 'ZA', 'South Africa'),
(201, 'GS', 'South Georgia South Sandwich Islands'),
(202, 'ES', 'Spain'),
(203, 'LK', 'Sri Lanka'),
(204, 'SH', 'St. Helena'),
(205, 'PM', 'St. Pierre and Miquelon'),
(206, 'SD', 'Sudan'),
(207, 'SR', 'Suriname'),
(208, 'SJ', 'Svalbard and Jan Mayen Islands'),
(209, 'SZ', 'Swaziland'),
(210, 'SE', 'Sweden'),
(211, 'CH', 'Switzerland'),
(212, 'SY', 'Syrian Arab Republic'),
(213, 'TW', 'Taiwan'),
(214, 'TJ', 'Tajikistan'),
(215, 'TZ', 'Tanzania, United Republic of'),
(216, 'TH', 'Thailand'),
(217, 'TG', 'Togo'),
(218, 'TK', 'Tokelau'),
(219, 'TO', 'Tonga'),
(220, 'TT', 'Trinidad and Tobago'),
(221, 'TN', 'Tunisia'),
(222, 'TR', 'Turkey'),
(223, 'TM', 'Turkmenistan'),
(224, 'TC', 'Turks and Caicos Islands'),
(225, 'TV', 'Tuvalu'),
(226, 'UG', 'Uganda'),
(227, 'UA', 'Ukraine'),
(228, 'AE', 'United Arab Emirates'),
(229, 'GB', 'United Kingdom'),
(230, 'US', 'United States'),
(231, 'UM', 'United States minor outlying islands'),
(232, 'UY', 'Uruguay'),
(233, 'UZ', 'Uzbekistan'),
(234, 'VU', 'Vanuatu'),
(235, 'VA', 'Vatican City State'),
(236, 'VE', 'Venezuela'),
(237, 'VN', 'Vietnam'),
(238, 'VG', 'Virgin Islands (British)'),
(239, 'VI', 'Virgin Islands (U.S.)'),
(240, 'WF', 'Wallis and Futuna Islands'),
(241, 'EH', 'Western Sahara'),
(242, 'YE', 'Yemen'),
(243, 'ZR', 'Zaire'),
(244, 'ZM', 'Zambia'),
(245, 'ZW', 'Zimbabwe');

-- --------------------------------------------------------

--
-- 資料表結構 `groups`
--

DROP TABLE IF EXISTS `groups`;
CREATE TABLE `groups` (
  `id` mediumint(8) UNSIGNED NOT NULL,
  `name` varchar(20) NOT NULL,
  `description` varchar(100) NOT NULL
) ENGINE=InnoDB DEFAULT CHARSET=utf8;

--
-- 資料表的匯出資料 `groups`
--

INSERT INTO `groups` (`id`, `name`, `description`) VALUES
(1, 'admin', 'Administrator'),
(2, 'members', 'General User');

-- --------------------------------------------------------

--
-- 資料表結構 `likes`
--

DROP TABLE IF EXISTS `likes`;
CREATE TABLE `likes` (
  `lid` int(11) NOT NULL,
  `uid` int(10) UNSIGNED NOT NULL,
  `pid` int(11) NOT NULL
) ENGINE=InnoDB DEFAULT CHARSET=utf8 COLLATE=utf8_unicode_ci;

--
-- 資料表的匯出資料 `likes`
--

INSERT INTO `likes` (`lid`, `uid`, `pid`) VALUES
(2, 1, 2),
(10, 2, 3),
(11, 2, 1),
(12, 14, 2),
(13, 14, 3),
(16, 16, 3),
(17, 15, 5),
(18, 15, 4),
(21, 16, 11),
(22, 19, 14),
(23, 21, 14),
(28, 21, 2),
(29, 24, 2),
(31, 26, 2),
(32, 20, 2);

-- --------------------------------------------------------

--
-- 資料表結構 `login_attempts`
--

DROP TABLE IF EXISTS `login_attempts`;
CREATE TABLE `login_attempts` (
  `id` int(11) UNSIGNED NOT NULL,
  `ip_address` varchar(15) NOT NULL,
  `login` varchar(100) NOT NULL,
  `time` int(11) UNSIGNED DEFAULT NULL
) ENGINE=InnoDB DEFAULT CHARSET=utf8;

--
-- 資料表的匯出資料 `login_attempts`
--

INSERT INTO `login_attempts` (`id`, `ip_address`, `login`, `time`) VALUES
(5, '193.110.198.7', 'yoyowan03@gmail.com', 1492707950),
(6, '85.197.176.216', 'tester2', 1492710369),
(7, '85.197.176.216', 'tester', 1492710388),
(8, '85.197.176.216', 'testerA', 1492710444),
(9, '85.197.176.216', 'tester2', 1492710455),
(10, '85.197.176.216', 'testerA', 1492710468),
(11, '85.197.176.216', 'testernico', 1492710624),
(12, '85.197.176.216', 'testernico', 1492710661),
(13, '138.19.74.32', 'cary', 1492713551),
(15, '158.182.115.191', 'cary', 1492750189),
(16, '158.182.115.191', 'cary', 1492750195);

-- --------------------------------------------------------

--
-- 資料表結構 `post`
--

DROP TABLE IF EXISTS `post`;
CREATE TABLE `post` (
  `id` int(10) UNSIGNED NOT NULL,
  `title` varchar(100) NOT NULL,
  `content` text NOT NULL,
  `markdown` text,
  `category_id` int(10) UNSIGNED NOT NULL,
  `user_id` int(10) UNSIGNED NOT NULL,
  `create_at` timestamp NOT NULL DEFAULT CURRENT_TIMESTAMP,
  `update_at` timestamp NOT NULL DEFAULT CURRENT_TIMESTAMP,
  `read` int(11) NOT NULL DEFAULT '0',
  `comment` int(11) NOT NULL DEFAULT '0',
  `price` int(11) DEFAULT '0',
  `day` int(11) NOT NULL,
  `coverphoto` varchar(100) NOT NULL
) ENGINE=InnoDB DEFAULT CHARSET=utf8;

--
-- 資料表的匯出資料 `post`
--

INSERT INTO `post` (`id`, `title`, `content`, `markdown`, `category_id`, `user_id`, `create_at`, `update_at`, `read`, `comment`, `price`, `day`, `coverphoto`) VALUES
(1, 'London Trip', '[[{"sequence":0,"type":"start","content":"\\n                                \\n                                \\n                                \\n                                \\n                                \\n                                <p><strong>Day 1</strong> has begin.</p>                                                                                                                                                                        "},{"sequence":1,"type":"comment","content":"<p>British Museum</p><p>They are something we take for granted today, but before the 1750s publicly owned museums didn''t exist. Founded in 1753 and open to the public in 1759, the British Museum is the world''s first ever national public museum, and arguably one of the best with more than eight million artefacts spanning two million years of history. Highlights include the ancient Egyptian Rosetta Stone, the Benin Bronzes and classical Greek sculptures from the Parthenon in Athens.</p><p id=\\"froalafix\\"><br></p><p id=\\"froalafix\\"><br></p><p id=\\"froalafix\\"><br></p><p id=\\"froalafix\\"><br></p><p id=\\"froalafix\\"></p>"},{"sequence":2,"type":"comment","content":"\\n                                \\n                                \\n                                \\n                                \\n                                <p>Covent Garden</p><p id=\\"froalafix\\">Buskers, pub crawlers, opera lovers, theatre goers, shopaholics, foodies, and more from across London and around the world all find Covent Garden and the village-y retail enclave of Seven Dials to be a most splendid setting for cavorting, where people have been doing exactly that for centuries.</p><p id=\\"froalafix\\"></p>                                                                                                                                            "}],[{"sequence":0,"type":"transport","content":"\\n                                \\n                                \\n                                \\n                                \\n                                \\n                                <p><strong>Day 2</strong>&nbsp;</p><p id=\\"froalafix\\"><br></p>                                                                                                                                                                        "},{"sequence":1,"type":"comment","content":"\\n                                \\n                                \\n                                \\n                                \\n                                \\n                                <p>London Eye</p><p>When I first moved to London, it took a turn on the London Eye to get a sense of how this sprawling and ancient city was laid out. I recommend a spin on the Eye as a must to every local and any visitor keen to see all of London in one go.</p><p id=\\"froalafix\\"><br></p>                                                                                                                                                                        "},{"sequence":2,"type":"comment","content":"\\n                                \\n                                \\n                                \\n                                \\n                                \\n                                <h2>Buckingham &nbsp;Palace</h2><div><br></div><div>No matter whether you''re a loyal royalist, an avid republican, or an ambivalent bystander, you can''t deny that “Buck House” is as fascinating a piece of living history as it gets. When you go be sure to see what''s on at The Queen''s Gallery, home to one of the largest and most important art collections in the world, and one of the last great European royal collections to remain intact.</div><div><br></div><p id=\\"froalafix\\"><br></p>                                                                                                                                                                        "}],[{"sequence":0,"type":"start","content":"\\n                                \\n                                \\n                                \\n                                \\n                                \\n                                \\n                    <strong>Day 3</strong> has begin.\\n                                                                                                                                                                                        "},{"sequence":1,"type":"comment","content":"\\n                                \\n                                \\n                                \\n                                \\n                                \\n                                <p>St. Paul''s Cathedral</p><p>Sir Christopher Wren''s masterpiece still wows today and sets a dignified and reverent tone to London''s ancient core. As magnificent as it is to view from the outside, be sure to take a tour of the interior to appreciate Wren''s genius fully.</p><p id=\\"froalafix\\"><br></p>                                                                                                                                                                        "},{"sequence":2,"type":"comment","content":"\\n                                \\n                                \\n                                \\n                                \\n                                \\n                                <h2>Tower Bridge</h2><div><br></div><div>Named for its proximity to the Tower of London, the world''s most famous combined bascule and suspension bridge represents yet another London icon that''s unlike anything else seen in the city.</div><p id=\\"froalafix\\"><br></p>                                                                                                                                                                        "}]]', NULL, 3, 15, '2017-04-20 11:40:27', '2017-04-20 11:56:24', 43, 1, 5630, 3, 'http://hyuxa.com:8180/uploads/16473594_10202939842332819_6457671453431527673_n2.jpg'),
(2, 'Paris 3 Day Romantic Trip', '[[{"sequence":0,"type":"start","content":"\\n                                \\n                                \\n                                        <strong>Day 1</strong> has begin.\\n                                                                                            "},{"sequence":1,"type":"comment","content":"\\n                                \\n                                <p><img src=\\"http://hyuxa.com:8180/uploads/dfad.jpg\\" style=\\"width: 300px;\\" class=\\"fr-fic fr-dib fr-fil\\"></p><p id=\\"froalafix\\">Eiffel Tower</p><p id=\\"froalafix\\">The Eiffel Tower ... Paris wouldn’t be Paris without this iconic landmark! I think the best time to visit the Eiffel Tower is at night, when it is illuminated. Start at Trocadero to enjoy the best view of the tower (it''s always busy, so it may take a while before you can take your perfect photo), and then walk down the stairs towards the tower until you arrive beneath it. After you''ve admired it up close, walk further on Champ de Mars and pause for a drink in the grass (on summer nights) or a romantic walk (on winter nights).</p><p id=\\"froalafix\\"><br></p><p id=\\"froalafix\\"></p>                                                        "},{"sequence":2,"type":"comment","content":"\\n                                \\n                                <img src=\\"http://hyuxa.com:8180/uploads/bar.jpg\\" style=\\"width: 300px;\\" class=\\"fr-fic fr-dib fr-fil\\"><h2>Moulin Rouge</h2><div>When you arrive at the foot of the Arc de Triomphe, it cannot fail to make a huge impression on you — not only the building itself, but also its setting Place Charles de Gaulle (Place de l’Étoile), a roundabout famous for its heavy traffic. The Arc de Triomphe was built to honor the men who fought in the Napoleonic and the French Revolutionary wars: The names and places on the arch are of the French generals and army victories.</div><p id=\\"froalafix\\"><br></p><p id=\\"froalafix\\"><br></p><p id=\\"froalafix\\"><br></p><p id=\\"froalafix\\"><br></p><p id=\\"froalafix\\"></p>                                                        "}],[{"sequence":0,"type":"start","content":"\\n                                \\n                                \\n                    <strong>Day 2</strong> has begin.\\n                                                                        "},{"sequence":1,"type":"comment","content":"\\n                                \\n                                <img src=\\"http://hyuxa.com:8180/uploads/basilica-del-sacre-ceour(1).jpg\\" style=\\"width: 300px;\\" class=\\"fr-fic fr-dib fr-fil\\"><p><br></p><p>Champs-Elysees</p><p>Shopping time! While you will not find many Parisians here (it is quite expensive and there are mainly chain stores), the most beautiful avenue in the world is still worth a visit. The buildings are beautiful and the little alleyways on both sides are full of bistros, bars and clubs to explore. Fans of the Tour de France may also know this place as the final stage of the race course!</p><p id=\\"froalafix\\"></p>                                                        "},{"sequence":2,"type":"comment","content":"<h2>Chez Gladines</h2><div><br></div><div>The place to be for locals and tourists alike, this Basque restaurant is a hit in Paris, with its relaxed atmosphere, big tables, friendly prices and best of all, delicious food. Here the portions are large and original, and the convivial atmosphere makes for the perfect laid back evening in the ''real'' Paris.</div><p id=\\"froalafix\\"><br></p>"}],[{"sequence":0,"type":"start","content":"\\n                                \\n                                \\n                    <strong>Day 3</strong> has begin.\\n                                                                        "},{"sequence":1,"type":"comment","content":"\\n                                \\n                                <img src=\\"http://hyuxa.com:8180/uploads/champs-elysees(1).jpg\\" style=\\"width: 300px;\\" class=\\"fr-fic fr-dib fr-fil\\"><h2><span style=\\"font-size: 18px;\\">Basilica du Sacre-Coeur de Montmartre</span></h2><h2><span style=\\"font-size: 18px;\\">The wedding cake on the balcony of Paris. This lovely Roman Catholic church is built on the Butte Montmartre, and as the highest point in Paris, it gives you a good view over the city. You can climb the 222 steps or take the funicular to reach the top. The Basilica was designed by Paul Abadie and Lucien Magne in Romano-byzantine style, and built to honor the 58,000 men that died during the Franco-Prussian War. The Sacré Coeur is situated in Montmartre, an idyllic and bohemian neighborhood full of lovely boutiques, restaurants and street artNew content added</span></h2><p>Some new content has been added.</p><p id=\\"froalafix\\"><br></p>                                                        "},{"sequence":2,"type":"comment","content":"\\n                                \\n                                <p>Place des Vosges</p><p>This lovely little park takes you back to the old 17th century Paris, and is set in the heart of the Marais. The square was built by Henri IV and is the oldest square in Paris. Its orange buildings are quite idyllic and known to be the popular homes of French politicians like Dominic Strauss-Kahn. A century ago, it was also the home of Victor Hugo. whose house is nowadays a museum and worth a peek if you have time. In the streets surrounding the square, you’ll also find the lively, unique atmosphere of the Marais just waiting to be explored.</p><p><a href=\\"https://www.froala.com/wysiwyg-editor?k=u\\" style=\\"font-size: 14px; padding: 3px 10px; display: inline-block; background-color: rgb(209, 72, 65); color: rgb(255, 255, 255);\\" target=\\"_blank\\">Unlicensed Froala Editor</a></p>                                                        "}]]', NULL, 3, 15, '2017-04-20 12:10:09', '2017-04-21 02:39:37', 56, 3, 7353, 3, 'http://hyuxa.com:8180/uploads/17523699_1845050459092918_7578181413859890165_n1.jpg'),
(3, 'FAKE PLAN', '[[{"sequence":0,"type":"start","content":"\\n                                \\n                                        <strong>Day 1</strong> has begin.\\n                                                                "}],[{"sequence":0,"type":"start","content":"\\n                                \\n                    <strong>Day 2</strong> has begin.\\n                                            "}],[{"sequence":0,"type":"start","content":"\\n                                \\n                    <strong>Day 3</strong> has begin.\\n                                            "}],[{"sequence":0,"type":"start","content":"\\n                    <strong>Day 4</strong> has begin.\\n                "}],[{"sequence":0,"type":"start","content":"\\n                    <strong>Day 5</strong> has begin.\\n                "}]]', NULL, 2, 16, '2017-04-20 12:30:42', '2017-04-20 12:38:18', 21, 1, 3040, 5, 'http://hyuxa.com:8180/uploads/background.png'),
(4, '4 Days in Beijing', '[[{"sequence":0,"type":"start","content":"\\n                                \\n                                        <strong>Day 1</strong> has begin.\\n                                                                "},{"sequence":1,"type":"comment","content":"\\n                                <p><img src=\\"http://hyuxa.com:8180/uploads/main-entrance-gate-to1.jpg\\" style=\\"width: 300px;\\" class=\\"fr-fic fr-dib fr-fil\\"></p><h2><span style=\\"font-size: 30px;\\">Forbidden City-The Palace Museum</span></h2><div><br></div><p id=\\"froalafix\\">The Palace Museum, or the Forbidden Palace is the historical home of the Emperor of China, having been the center of Chinese government for over 500 years. Declared a UNESCO World Heritage site, it is one of the largest and most well preserved palace complexes in the world, and no visit to Beijing is complete without a stop-off here.</p>                            "},{"sequence":2,"type":"comment","content":"\\n                                <img src=\\"http://hyuxa.com:8180/uploads/grande-muralha-em-mutianyu.jpg\\" style=\\"width: 300px;\\" class=\\"fr-fic fr-dib fr-fil\\">                            "},{"sequence":3,"type":"comment","content":"\\n                                <h2>New content added</h2>Some new content has been added.<br>                            "}],[{"sequence":0,"type":"start","content":"\\n                                \\n                    <strong>Day 2</strong> has begin.\\n                                            "},{"sequence":1,"type":"comment","content":"\\n                                <img src=\\"http://hyuxa.com:8180/uploads/caption(2).jpg\\" style=\\"width: 300px;\\" class=\\"fr-fic fr-dib fr-fil\\"><h2><span style=\\"font-size: 18px;\\">Temple of Heaven (Tiantan Park)</span></h2><div><span style=\\"font-size: 18px;\\"><br></span></div><h2><span style=\\"font-size: 18px;\\">The Temple of Heaven, another of Beijing''s UNESCO Heritage sites is an old imperial sacrificial altar, once visited by the Emperors to wish for good harvests. The main temple and altars are among the most iconic sites in Beijing, and located inside a large park (even larger than the Forbidden City), both the architecture and landscape here are recognized as masterpieces in their own rightNew content added</span></h2><p><br></p><p id=\\"froalafix\\"><br></p>                            "}],[{"sequence":0,"type":"start","content":"\\n                                \\n                    <strong>Day 3</strong> has begin.\\n                                            "},{"sequence":1,"type":"comment","content":"\\n                                <p><img src=\\"http://hyuxa.com:8180/uploads/olympic-park(2).jpg\\" style=\\"width: 300px;\\" class=\\"fr-fic fr-dib fr-fil\\"></p><h2><br></h2><div>Olympic Park</div><div><br></div><p>The 2008 Summer Olympics were a source of National Pride for China, who invested a huge amount of resources in building beautiful facilities like the Bird''s Nest Stadium, Water Cube and the surrounding Olympic Green. The views of these buildings are more beautiful at night when they''re lit up.</p><p><br></p><p id=\\"froalafix\\"><br></p>                            "}],[{"sequence":0,"type":"start","content":"\\n                                \\n                    <strong>Day 4</strong> has begin.\\n                                            "},{"sequence":1,"type":"comment","content":"\\n                                <img src=\\"http://hyuxa.com:8180/uploads/caption(6).jpg\\" style=\\"width: 300px;\\" class=\\"fr-fic fr-dib fr-fil\\"><img src=\\"http://hyuxa.com:8180/uploads/l-entree.jpg\\" style=\\"width: 300px;\\" class=\\"fr-fic fr-dib fr-fil\\"><h2><br></h2><p id=\\"froalafix\\"></p>                            "},{"sequence":2,"type":"comment","content":"<h2>Back Lakes (Hou Hai)</h2><div><br></div><div>These man made lakes - once part of the Emperor''s gardens in imperial times - are now a picturesque tourist attraction, with many bars, cafes and restaurants dotted around their circumference. The surrounding neighborhood also contains some of the city''s most famous hutongs, and makes for a great area to explore on foot or by bike.</div><p id=\\"froalafix\\"><br></p>"}]]', NULL, 3, 15, '2017-04-20 13:09:41', '2017-04-20 13:10:24', 7, 0, 6384, 4, 'http://hyuxa.com:8180/uploads/main-entrance-gate-to.jpg'),
(5, 'FAKE PLAN #2', '[[{"sequence":0,"type":"start","content":"\\n                                        <strong>Day 1</strong> has begin.\\n                                    "}],[{"sequence":0,"type":"start","content":"\\n                    <strong>Day 2</strong> has begin.\\n                "}]]', NULL, 2, 16, '2017-04-20 13:11:04', '2017-04-20 13:11:04', 7, 0, 100000, 2, 'http://hyuxa.com:8180/uploads/good.jpg'),
(6, 'Fake Plan 3', '[[{"sequence":0,"type":"start","content":"\\n                                        <strong>Day 1</strong> has begin.\\n                                    "}],[{"sequence":0,"type":"start","content":"\\n                    <strong>Day 2</strong> has begin.\\n                "}],[{"sequence":0,"type":"start","content":"\\n                    <strong>Day 3</strong> has begin.\\n                "}],[{"sequence":0,"type":"start","content":"\\n                    <strong>Day 4</strong> has begin.\\n                "}],[{"sequence":0,"type":"start","content":"\\n                    <strong>Day 5</strong> has begin.\\n                "}],[{"sequence":0,"type":"start","content":"\\n                    <strong>Day 6</strong> has begin.\\n                "}],[{"sequence":0,"type":"start","content":"\\n                    <strong>Day 7</strong> has begin.\\n                "}]]', NULL, 1, 15, '2017-04-20 13:21:28', '2017-04-20 13:21:28', 13, 0, 68382, 7, 'http://hyuxa.com:8180/uploads/caption(4).jpg'),
(7, 'Fake Plan 4', '[[{"sequence":0,"type":"start","content":"\\n                                        <strong>Day 1</strong> has begin.\\n                                    "}],[{"sequence":0,"type":"start","content":"\\n                    <strong>Day 2</strong> has begin.\\n                "}],[{"sequence":0,"type":"start","content":"\\n                    <strong>Day 3</strong> has begin.\\n                "}],[{"sequence":0,"type":"start","content":"\\n                    <strong>Day 4</strong> has begin.\\n                "}]]', NULL, 2, 15, '2017-04-20 13:23:03', '2017-04-20 13:23:03', 3, 0, 10837, 4, 'http://hyuxa.com:8180/uploads/jingshan-park-jingshan.jpg'),
(8, 'Fake Plan 5', '[[{"sequence":0,"type":"start","content":"\\n                                        <strong>Day 1</strong> has begin.\\n                                    "}],[{"sequence":0,"type":"start","content":"\\n                    <strong>Day 2</strong> has begin.\\n                "}],[{"sequence":0,"type":"start","content":"\\n                    <strong>Day 3</strong> has begin.\\n                "}],[{"sequence":0,"type":"start","content":"\\n                    <strong>Day 4</strong> has begin.\\n                "}],[{"sequence":0,"type":"start","content":"\\n                    <strong>Day 5</strong> has begin.\\n                "}],[{"sequence":0,"type":"start","content":"\\n                    <strong>Day 6</strong> has begin.\\n                "}],[{"sequence":0,"type":"start","content":"\\n                    <strong>Day 7</strong> has begin.\\n                "}]]', NULL, 2, 20, '2017-04-20 13:33:58', '2017-04-20 13:33:58', 4, 0, 37468, 7, 'http://hyuxa.com:8180/uploads/back-lakes-hou-hai.jpg'),
(9, 'Fake plan 6', '[[{"sequence":0,"type":"start","content":"\\n                                        <strong>Day 1</strong> has begin.\\n                                    "}],[{"sequence":0,"type":"start","content":"\\n                    <strong>Day 2</strong> has begin.\\n                "}],[{"sequence":0,"type":"start","content":"\\n                    <strong>Day 3</strong> has begin.\\n                "}],[{"sequence":0,"type":"start","content":"\\n                    <strong>Day 4</strong> has begin.\\n                "}]]', NULL, 2, 20, '2017-04-20 13:37:16', '2017-04-20 13:37:16', 4, 0, 28637, 4, 'http://hyuxa.com:8180/uploads/sanlitun-bar-street.jpg'),
(10, 'Fake plan 6', '[[{"sequence":0,"type":"start","content":"\\n                                        <strong>Day 1</strong> has begin.\\n                                    "}],[{"sequence":0,"type":"start","content":"\\n                    <strong>Day 2</strong> has begin.\\n                "}],[{"sequence":0,"type":"start","content":"\\n                    <strong>Day 3</strong> has begin.\\n                "}],[{"sequence":0,"type":"start","content":"\\n                    <strong>Day 4</strong> has begin.\\n                "}]]', NULL, 2, 20, '2017-04-20 13:37:16', '2017-04-20 13:37:16', 3, 0, 28637, 4, 'http://hyuxa.com:8180/uploads/sanlitun-bar-street.jpg'),
(11, 'Fake plan 6', '[[{"sequence":0,"type":"start","content":"\\n                                        <strong>Day 1</strong> has begin.\\n                                    "}],[{"sequence":0,"type":"start","content":"\\n                    <strong>Day 2</strong> has begin.\\n                "}],[{"sequence":0,"type":"start","content":"\\n                    <strong>Day 3</strong> has begin.\\n                "}],[{"sequence":0,"type":"start","content":"\\n                    <strong>Day 4</strong> has begin.\\n                "}]]', NULL, 2, 20, '2017-04-20 13:37:17', '2017-04-20 13:37:17', 7, 0, 28637, 4, 'http://hyuxa.com:8180/uploads/sanlitun-bar-street.jpg'),
(13, 'Fake Plan 7', '[[{"sequence":0,"type":"start","content":"\\n                                        <strong>Day 1</strong> has begin.\\n                                    "}],[{"sequence":0,"type":"start","content":"\\n                    <strong>Day 2</strong> has begin.\\n                "}],[{"sequence":0,"type":"start","content":"\\n                    <strong>Day 3</strong> has begin.\\n                "}],[{"sequence":0,"type":"start","content":"\\n                    <strong>Day 4</strong> has begin.\\n                "}],[{"sequence":0,"type":"start","content":"\\n                    <strong>Day 5</strong> has begin.\\n                "}]]', NULL, 3, 20, '2017-04-20 13:42:27', '2017-04-20 13:42:27', 6, 0, 7362, 5, 'http://hyuxa.com:8180/uploads/798-art-zone(2).jpg'),
(14, 'THE NEW DEFINITION OF COLD', '[[{"sequence":0,"type":"start","content":"\\n                                \\n                                \\n                                        <strong>Day 1</strong> has begin.\\n                                                                                            "},{"sequence":1,"type":"comment","content":"\\n                                <h2><br></h2><p><span style=\\"color: rgb(0, 0, 0); font-size: 16px;\\">Depart from Kristianstad, a little town in Sweden <span class=\\"fr-emoticon fr-deletable fr-emoticon-img\\" style=\\"background: url(https://cdnjs.cloudflare.com/ajax/libs/emojione/2.0.1/assets/svg/1f60c.svg);\\">&nbsp;</span>&nbsp;<br></span></p><p id=\\"froalafix\\"><br></p>                            "},{"sequence":2,"type":"comment","content":"\\n                                \\n                                <div><br></div><div>Arrived Stockholm after four hours train.&nbsp;</div><div><img src=\\"http://hyuxa.com:8180/uploads/20170318_2207501.jpg\\" style=\\"width: 192px; height: 255.36px;\\" class=\\"fr-fic fr-dib fr-fil\\"><br></div><p id=\\"froalafix\\"><br></p>                                                        "}],[{"sequence":0,"type":"start","content":"\\n                                \\n                                \\n                    <strong>Day 2</strong> has begin.\\n                                                                        "},{"sequence":1,"type":"comment","content":"\\n                                <h2>Kiruna</h2><p><span style=\\"color: rgb(34, 34, 34); font-family: arial, sans-serif; font-size: 13px; background-color: rgb(255, 255, 255);\\">Kiruna is a town in the far north of Swedish Lapland. It’s known for the huge LKAB iron ore mine and its underground visitors center with an exhibit on mining. Hjalmar Lundbohmsgården, the 19th-century former home of LKAB’s first managing director, is now a museum with a courtyard photography exhibit. Kiruna Church is notable for its bell tower and resemblance to the traditional huts of the indigenous Sámi people.</span></p><p id=\\"froalafix\\"></p>                            "}],[{"sequence":0,"type":"start","content":"\\n                                \\n                                \\n                    <strong>Day 3</strong> has begin.\\n                                                                        "},{"sequence":1,"type":"comment","content":"\\n                                <h2>Lapland</h2><div>Played snow mobile and sledding there. Got so much fun&nbsp;</div>                            "}]]', NULL, 3, 19, '2017-04-20 13:55:31', '2017-04-20 21:32:44', 25, 2, 2542, 3, 'http://hyuxa.com:8180/uploads/20170319_190832.jpg'),
(17, 'Best Hong Kong Trip', '[[{"sequence":0,"type":"start","content":"\\n                                        <strong>Day 1</strong> has begin.\\n                                    "},{"sequence":1,"type":"comment","content":"<h2>New content added</h2>Some new content has been added.<br>"}]]', NULL, 96, 16, '2017-04-20 22:55:22', '2017-04-20 22:55:22', 4, 0, 10, 1, 'http://hyuxa.com:8180/uploads/haha.png');

-- --------------------------------------------------------

--
-- 資料表結構 `users`
--

DROP TABLE IF EXISTS `users`;
CREATE TABLE `users` (
  `id` int(11) UNSIGNED NOT NULL,
  `ip_address` varchar(45) NOT NULL,
  `username` varchar(100) DEFAULT NULL,
  `password` varchar(255) NOT NULL,
  `salt` varchar(255) DEFAULT NULL,
  `email` varchar(100) NOT NULL,
  `activation_code` varchar(40) DEFAULT NULL,
  `forgotten_password_code` varchar(40) DEFAULT NULL,
  `forgotten_password_time` int(11) UNSIGNED DEFAULT NULL,
  `remember_code` varchar(40) DEFAULT NULL,
  `created_on` int(11) UNSIGNED NOT NULL,
  `last_login` int(11) UNSIGNED DEFAULT NULL,
  `active` tinyint(1) UNSIGNED DEFAULT NULL,
  `first_name` varchar(50) DEFAULT NULL,
  `last_name` varchar(50) DEFAULT NULL,
  `company` varchar(100) DEFAULT NULL,
  `phone` varchar(20) DEFAULT NULL
) ENGINE=InnoDB DEFAULT CHARSET=utf8;

--
-- 資料表的匯出資料 `users`
--

INSERT INTO `users` (`id`, `ip_address`, `username`, `password`, `salt`, `email`, `activation_code`, `forgotten_password_code`, `forgotten_password_time`, `remember_code`, `created_on`, `last_login`, `active`, `first_name`, `last_name`, `company`, `phone`) VALUES
(1, '127.0.0.1', 'administrator', '$2a$07$SeBknntpZror9uyftVopmu61qg0ms8Qv1yV6FG.kQOSM.9QhmTo36', '', 'admin@admin.com', '', '9RcZoe594XgLzwHZmTXiZO3ca2753172bd5ba596', 1489723754, NULL, 1268889823, 1489776752, 1, 'Cary', 'Law', 'ADMIN', '0'),
(15, '193.110.198.7', 'Yoyowan', '$2y$08$25mleLushRVAJsVBRO0/5Ow8e9W.buH1DowABv91aY.MKptrDZIzG', NULL, 'yoyowan03@gmail.com', NULL, NULL, NULL, NULL, 1492707783, 1492764102, 1, NULL, NULL, NULL, NULL),
(16, '138.19.74.32', 'carylaw', '$2y$08$0OO5FEP3nDok43CfeiqOguwDJ.8B5E656xihtZeVmR3ABE54TnyVq', NULL, 'icarylaw@gmail.com', NULL, 'EGlzZWjNYOUXlHSbmSMqKOf6083cd7f302f6892b', 1492753492, NULL, 1492709573, 1492750201, 1, NULL, NULL, NULL, NULL),
(17, '85.197.176.216', 'testerA', '$2y$08$nLokZSgRrRCebD20HcjIguDNY8Mls2g6hjDm195/8p/2P6Hg2hi1a', NULL, '14212781@life.hkbu.edu.hk', NULL, 'ymRmiyNwNAFAVw2WFXb6Q.3a58abac0215d0b91c', 1492710492, NULL, 1492710416, NULL, 1, NULL, NULL, NULL, NULL),
(18, '85.197.176.216', 'testerco', '$2y$08$XlR/x6QizOj6jojHlOB/MONxIu/c6uTJ7yEWBcnYU8yr8GNzlI0FO', NULL, '14212781@life.hkbu.edu.hk', NULL, NULL, NULL, NULL, 1492710601, NULL, 1, NULL, NULL, NULL, NULL),
(19, '85.197.176.216', 'nicole', '$2y$08$py78MImv4Apjf92tk2lb.ODSdPbeJ7jjEFCLN25sxv2T57uKVrjXO', NULL, '14212781@life.hkbu.edu.hk', NULL, NULL, NULL, NULL, 1492710762, 1492710797, 1, NULL, NULL, NULL, NULL),
(20, '193.110.198.7', 'Angela', '$2y$08$lVhurJOLefGITseZZOyrW.w1HU1o7de3gxixk3azmyIiwrm/dP0W2', NULL, 'yoyowan03@gmail.com', NULL, NULL, NULL, NULL, 1492716411, 1492763546, 1, NULL, NULL, NULL, NULL),
(21, '101.78.175.100', 'venice fung', '$2y$08$/.uH/q9aMi8KbLWpVNfM5.6UyuSHpptjsFZgRBUeR1Ie.pP5fZ3ia', NULL, '14213176@life.hkbu.edu.hk', NULL, NULL, NULL, NULL, 1492745265, 1492758647, 1, 'bb', 'bb', NULL, NULL),
(22, '101.78.175.100', 'venice fung1', '$2y$08$nqgtxFGGeNxsrsqxiLSQ..qZ0s1Ylxksy/hhBtCcLBTGXuCriwS/a', NULL, '14213176@life.hkbu.edu.hk', '57e46fa80748f4288a382c8b625078a17ef9fd24', NULL, NULL, NULL, 1492753018, NULL, 0, NULL, NULL, NULL, NULL),
(23, '101.78.175.100', 'venice fung2', '$2y$08$nVf67lBp15EA/L4opoLWkuOr08cNjcahRc9o1Wbe8BkDVedBhNPHy', NULL, '14213176@life.hkbu.edu.hk', NULL, NULL, NULL, NULL, 1492753085, 1492753106, 1, NULL, NULL, NULL, NULL),
(24, '101.78.175.100', 'monkeyhellohi', '$2y$08$iFCHyo8/1w/yiGUKvAv3Yer5WYa47cw0Pr7Gs3.xIsqipREs0Xbsy', NULL, '14213621@life.hkbu.edu.hk', NULL, NULL, NULL, NULL, 1492758934, 1492758988, 1, NULL, NULL, NULL, NULL),
(25, '101.78.175.100', 'venice', '$2y$08$dLBfXPHIEzCBHGoK/Hhz3.iikFe/nTcwZKJ1FghF6VBtFF0H4PA5K', NULL, '14213176@life.hkbu.edu.hk', '36dcdeec55e7b43548033f8543579ed00252a980', NULL, NULL, NULL, 1492763019, NULL, 0, NULL, NULL, NULL, NULL),
(26, '101.78.175.100', 'venicefung', '$2y$08$yXjQnf75ltuUsFzs/hk3veY8eGft4TgyGEi3vyDVXWf3iFk0uFtP2', NULL, '14213176@life.hkbu.edu.hk', NULL, NULL, NULL, NULL, 1492763146, 1492763375, 1, 'yin', 'fung', NULL, NULL);

-- --------------------------------------------------------

--
-- 資料表結構 `users_groups`
--

DROP TABLE IF EXISTS `users_groups`;
CREATE TABLE `users_groups` (
  `id` int(11) UNSIGNED NOT NULL,
  `user_id` int(11) UNSIGNED NOT NULL,
  `group_id` mediumint(8) UNSIGNED NOT NULL
) ENGINE=InnoDB DEFAULT CHARSET=utf8;

--
-- 資料表的匯出資料 `users_groups`
--

INSERT INTO `users_groups` (`id`, `user_id`, `group_id`) VALUES
(1, 1, 1),
(2, 1, 2),
(16, 15, 2),
(17, 16, 2),
(18, 17, 2),
(19, 18, 2),
(20, 19, 2),
(21, 20, 2),
(22, 21, 2),
(23, 22, 2),
(24, 23, 2),
(25, 24, 2),
(26, 25, 2),
(27, 26, 2);

--
-- 已匯出資料表的索引
--

--
-- 資料表索引 `category`
--
ALTER TABLE `category`
  ADD PRIMARY KEY (`id`);

--
-- 資料表索引 `groups`
--
ALTER TABLE `groups`
  ADD PRIMARY KEY (`id`);

--
-- 資料表索引 `likes`
--
ALTER TABLE `likes`
  ADD PRIMARY KEY (`lid`);

--
-- 資料表索引 `login_attempts`
--
ALTER TABLE `login_attempts`
  ADD PRIMARY KEY (`id`);

--
-- 資料表索引 `post`
--
ALTER TABLE `post`
  ADD PRIMARY KEY (`id`);

--
-- 資料表索引 `users`
--
ALTER TABLE `users`
  ADD PRIMARY KEY (`id`);

--
-- 資料表索引 `users_groups`
--
ALTER TABLE `users_groups`
  ADD PRIMARY KEY (`id`),
  ADD UNIQUE KEY `uc_users_groups` (`user_id`,`group_id`),
  ADD KEY `fk_users_groups_users1_idx` (`user_id`),
  ADD KEY `fk_users_groups_groups1_idx` (`group_id`);

--
-- 在匯出的資料表使用 AUTO_INCREMENT
--

--
-- 使用資料表 AUTO_INCREMENT `category`
--
ALTER TABLE `category`
  MODIFY `id` int(11) NOT NULL AUTO_INCREMENT, AUTO_INCREMENT=246;
--
-- 使用資料表 AUTO_INCREMENT `groups`
--
ALTER TABLE `groups`
  MODIFY `id` mediumint(8) UNSIGNED NOT NULL AUTO_INCREMENT, AUTO_INCREMENT=3;
--
-- 使用資料表 AUTO_INCREMENT `likes`
--
ALTER TABLE `likes`
  MODIFY `lid` int(11) NOT NULL AUTO_INCREMENT, AUTO_INCREMENT=33;
--
-- 使用資料表 AUTO_INCREMENT `login_attempts`
--
ALTER TABLE `login_attempts`
  MODIFY `id` int(11) UNSIGNED NOT NULL AUTO_INCREMENT, AUTO_INCREMENT=30;
--
-- 使用資料表 AUTO_INCREMENT `post`
--
ALTER TABLE `post`
  MODIFY `id` int(10) UNSIGNED NOT NULL AUTO_INCREMENT, AUTO_INCREMENT=19;
--
-- 使用資料表 AUTO_INCREMENT `users`
--
ALTER TABLE `users`
  MODIFY `id` int(11) UNSIGNED NOT NULL AUTO_INCREMENT, AUTO_INCREMENT=27;
--
-- 使用資料表 AUTO_INCREMENT `users_groups`
--
ALTER TABLE `users_groups`
  MODIFY `id` int(11) UNSIGNED NOT NULL AUTO_INCREMENT, AUTO_INCREMENT=28;
--
-- 已匯出資料表的限制(Constraint)
--

--
-- 資料表的 Constraints `users_groups`
--
ALTER TABLE `users_groups`
  ADD CONSTRAINT `fk_users_groups_groups1` FOREIGN KEY (`group_id`) REFERENCES `groups` (`id`) ON DELETE CASCADE ON UPDATE NO ACTION,
  ADD CONSTRAINT `fk_users_groups_users1` FOREIGN KEY (`user_id`) REFERENCES `users` (`id`) ON DELETE CASCADE ON UPDATE NO ACTION;

/*!40101 SET CHARACTER_SET_CLIENT=@OLD_CHARACTER_SET_CLIENT */;
/*!40101 SET CHARACTER_SET_RESULTS=@OLD_CHARACTER_SET_RESULTS */;
/*!40101 SET COLLATION_CONNECTION=@OLD_COLLATION_CONNECTION */;
